"","city","connections"
"1",NA,"0"
"2",NA,"9"
"3","France","0"
"4","France","9"
"5","Lyon","0"
"6","Lyon","9"
"7","LyonIX","1"
"8","LyonIX","9"
"9","Porto","0"
"10","Porto","9"
"11","Lisbon","1"
"12","Lisbon","9"
"13","Craiova","0"
"14","Craiova","9"
"15","Timisoara","0"
"16","Timisoara","9"
"17","Constanta","0"
"18","Constanta","9"
"19","Detroit","1"
"20","Detroit","9"
"21","Lyngby","1"
"22","Lyngby","9"
"23","Montreal","1"
"24","Montreal","9"
"25","Luxembourg","1"
"26","Luxembourg","9"
"27","Ljubljana","1"
"28","Ljubljana","9"
"29","Oulu","0"
"30","Oulu","9"
"31","Helsinki","0"
"32","Helsinki","9"
"33","Espoo","1"
"34","Espoo","9"
"35","Oslo","1"
"36","Oslo","9"
"37","Navi Mumbai","1"
"38","Navi Mumbai","9"
"39","Dubai","1"
"40","Dubai","9"
"41","Bratislava and Košice","1"
"42","Bratislava and Košice","9"
"43","Guwahati","0"
"44","Guwahati","9"
"45","Ahmedabad","0"
"46","Ahmedabad","9"
"47","Hyderabad","0"
"48","Hyderabad","9"
"49","Bangalore","0"
"50","Bangalore","9"
"51","Kolkata","0"
"52","Kolkata","9"
"53","Chennai","0"
"54","Chennai","9"
"55","Delhi","0"
"56","Delhi","9"
"57","Mumbai","1"
"58","Mumbai","9"
"59","Dublin","1"
"60","Dublin","9"
"61","Brussels","1"
"62","Brussels","9"
"63","Seoul","1"
"64","Seoul","9"
"65","Phoenix","0"
"66","Phoenix","9"
"67","Atlanta","1"
"68","Atlanta","9"
"69","Thessaloniki","0"
"70","Thessaloniki","9"
"71","Athens","0"
"72","Athens","9"
"73","Bucharest","1"
"74","Bucharest","9"
"75","Sofia","0"
"76","Sofia","9"
"77","Belgrade","0"
"78","Belgrade","9"
"79","Zagreb","0"
"80","Zagreb","9"
"81","Milan","1"
"82","Milan","9"
"83","Amsterdam","0"
"84","Amsterdam","9"
"85","Kiev","1"
"86","Kiev","9"
"87","Toronto","1"
"88","Toronto","9"
"89","Denver","0"
"90","Denver","9"
"91","Northern Virginia (Reston)","0"
"92","Northern Virginia (Reston)","9"
"93","Boston","0"
"94","Boston","9"
"95","D.C.","0"
"96","D.C.","9"
"97","Miami","0"
"98","Miami","9"
"99","San Jose","0"
"100","San Jose","9"
"101","Tokyo and Osaka","1"
"102","Tokyo and Osaka","9"
"103","Berlin","1"
"104","Berlin","9"
"105","Frankfurt am Main","1"
"106","Frankfurt am Main","9"
"107","Warsaw","0"
"108","Warsaw","9"
"109","Kharkiv","0"
"110","Kharkiv","9"
"111","Odessa","0"
"112","Odessa","9"
"113","Kyiv","1"
"114","Kyiv","9"
"115","Vienna","1"
"116","Vienna","9"
"117","Bratislava","1"
"118","Bratislava","9"
"119","Prague","2"
"120","Prague","9"
"121","Vancouver","0"
"122","Vancouver","9"
"123","Minneapolis","0"
"124","Minneapolis","9"
"125","Salt Lake City","0"
"126","Salt Lake City","9"
"127","Seattle","1"
"128","Seattle","9"
"129","Luleå","0"
"130","Luleå","9"
"131","Gothenburg","0"
"132","Gothenburg","9"
"133","Sundsvall","0"
"134","Sundsvall","9"
"135","Copenhagen","0"
"136","Copenhagen","9"
"137","Stockholm","2"
"138","Stockholm","9"
"139","Sydney","1"
"140","Sydney","9"
"141","Singapore","1"
"142","Singapore","9"
"143","Hong Kong","1"
"144","Hong Kong","9"
"145","Tokyo","0"
"146","Tokyo","9"
"147","Silicon Valley (San Jose","0"
"148","Silicon Valley (San Jose","9"
"149","CA)","0"
"150","CA)","9"
"151","Silicon Valley (Palo Alto","0"
"152","Silicon Valley (Palo Alto","9"
"153","Los Angeles","1"
"154","Los Angeles","9"
"155","Chicago","0"
"156","Chicago","9"
"157","DC (Vienna","0"
"158","DC (Vienna","9"
"159","VA)","1"
"160","VA)","9"
"161","DC (Ashburn","0"
"162","DC (Ashburn","9"
"163","Washington","0"
"164","Washington","9"
"165","NJ and New York City)","0"
"166","NJ and New York City)","9"
"167","New York (Secaucus","0"
"168","New York (Secaucus","9"
"169","Zürich","1"
"170","Zürich","9"
"171","Paris","3"
"172","Paris","9"
"173","Various cities[26]","1"
"174","Various cities[26]","9"
"175","Vladivostok","0"
"176","Vladivostok","9"
"177","Ekaterinburg","0"
"178","Ekaterinburg","9"
"179","Kazan","0"
"180","Kazan","9"
"181","Samara","0"
"182","Samara","9"
"183","Stavropol","0"
"184","Stavropol","9"
"185","Rostov-on-Don","0"
"186","Rostov-on-Don","9"
"187","Novosibirsk","0"
"188","Novosibirsk","9"
"189","Saint-Petersburg","1"
"190","Saint-Petersburg","9"
"191","Moscow","1"
"192","Moscow","9"
"193","Northern Virginia[19]","0"
"194","Northern Virginia[19]","9"
"195","Cardiff","0"
"196","Cardiff","9"
"197","Edinburgh","0"
"198","Edinburgh","9"
"199","Manchester","0"
"200","Manchester","9"
"201","London","2"
"202","London","9"
"203","Mumbai[14]","0"
"204","Mumbai[14]","9"
"205","San Francisco Bay Area[13]","0"
"206","San Francisco Bay Area[13]","9"
"207","Chicago[12]","0"
"208","Chicago[12]","9"
"209","New York City[11]","0"
"210","New York City[11]","9"
"211","Hong Kong[10]","0"
"212","Hong Kong[10]","9"
"213","Willemstad[9]","0"
"214","Willemstad[9]","9"
"215","Schiphol-Rijk[8]","0"
"216","Schiphol-Rijk[8]","9"
"217","Haarlem[8]","0"
"218","Haarlem[8]","9"
"219","Amsterdam[8]","1"
"220","Amsterdam[8]","9"
"221","Vitória","0"
"222","Vitória","9"
"223","Teresina","0"
"224","Teresina","9"
"225","São Paulo","0"
"226","São Paulo","9"
"227","São Luis","0"
"228","São Luis","9"
"229","São José do Rio Preto","0"
"230","São José do Rio Preto","9"
"231","São José dos Campos","0"
"232","São José dos Campos","9"
"233","São Carlos","0"
"234","São Carlos","9"
"235","Santa Maria","0"
"236","Santa Maria","9"
"237","Salvador","0"
"238","Salvador","9"
"239","Rio de Janeiro","0"
"240","Rio de Janeiro","9"
"241","Recife","0"
"242","Recife","9"
"243","Porto Alegre","0"
"244","Porto Alegre","9"
"245","Natal","0"
"246","Natal","9"
"247","Maringá","0"
"248","Maringá","9"
"249","Manaus","0"
"250","Manaus","9"
"251","Maceio","0"
"252","Maceio","9"
"253","Londrina","0"
"254","Londrina","9"
"255","Lajeado","0"
"256","Lajeado","9"
"257","João Pessoa","0"
"258","João Pessoa","9"
"259","Goiânia","0"
"260","Goiânia","9"
"261","Foz do Iguacu","0"
"262","Foz do Iguacu","9"
"263","Fortaleza","0"
"264","Fortaleza","9"
"265","Florianópolis","0"
"266","Florianópolis","9"
"267","Curitiba","0"
"268","Curitiba","9"
"269","Cuiabá","0"
"270","Cuiabá","9"
"271","Caxias do Sul","0"
"272","Caxias do Sul","9"
"273","Campinas","0"
"274","Campinas","9"
"275","Campina Grande","0"
"276","Campina Grande","9"
"277","Brasília","0"
"278","Brasília","9"
"279","Belo Horizonte","0"
"280","Belo Horizonte","9"
"281","Belém","0"
"282","Belém","9"
"283","Aracaju","1"
"284","Aracaju","9"
"285","Mumbai (as Mumbai IX)","0"
"286","Mumbai (as Mumbai IX)","9"
"287","Madrid","0"
"288","Madrid","9"
"289","Dallas","0"
"290","Dallas","9"
"291","Istanbul","0"
"292","Istanbul","9"
"293","Marseille","0"
"294","Marseille","9"
"295","Palermo","0"
"296","Palermo","9"
"297","Dubai (as UAE-IX)","0"
"298","Dubai (as UAE-IX)","9"
"299","New York City","1"
"300","New York City","9"
"301","Düsseldorf","0"
"302","Düsseldorf","9"
"303","Munich","1"
"304","Munich","9"
"305","Hamburg","0"
"306","Hamburg","9"
"307","Frankfurt","2"
"308","Frankfurt","9"
"309",NA,"0"
"310",NA,"9"
"311","France","0"
"312","France","9"
"313","Lyon","0"
"314","Lyon","9"
"315","LyonIX","1"
"316","LyonIX","9"
"317","Porto","0"
"318","Porto","9"
"319","Lisbon","1"
"320","Lisbon","9"
"321","Craiova","0"
"322","Craiova","9"
"323","Timisoara","0"
"324","Timisoara","9"
"325","Constanta","0"
"326","Constanta","9"
"327","Detroit","1"
"328","Detroit","9"
"329","Lyngby","1"
"330","Lyngby","9"
"331","Montreal","1"
"332","Montreal","9"
"333","Luxembourg","1"
"334","Luxembourg","9"
"335","Ljubljana","1"
"336","Ljubljana","9"
"337","Oulu","0"
"338","Oulu","9"
"339","Helsinki","0"
"340","Helsinki","9"
"341","Espoo","1"
"342","Espoo","9"
"343","Oslo","1"
"344","Oslo","9"
"345","Navi Mumbai","1"
"346","Navi Mumbai","9"
"347","Dubai","1"
"348","Dubai","9"
"349","Bratislava and Košice","1"
"350","Bratislava and Košice","9"
"351","Guwahati","0"
"352","Guwahati","9"
"353","Ahmedabad","0"
"354","Ahmedabad","9"
"355","Hyderabad","0"
"356","Hyderabad","9"
"357","Bangalore","0"
"358","Bangalore","9"
"359","Kolkata","0"
"360","Kolkata","9"
"361","Chennai","0"
"362","Chennai","9"
"363","Delhi","0"
"364","Delhi","9"
"365","Mumbai","1"
"366","Mumbai","9"
"367","Dublin","1"
"368","Dublin","9"
"369","Brussels","1"
"370","Brussels","9"
"371","Seoul","1"
"372","Seoul","9"
"373","Phoenix","0"
"374","Phoenix","9"
"375","Atlanta","1"
"376","Atlanta","9"
"377","Thessaloniki","0"
"378","Thessaloniki","9"
"379","Athens","0"
"380","Athens","9"
"381","Bucharest","1"
"382","Bucharest","9"
"383","Sofia","0"
"384","Sofia","9"
"385","Belgrade","0"
"386","Belgrade","9"
"387","Zagreb","0"
"388","Zagreb","9"
"389","Milan","1"
"390","Milan","9"
"391","Amsterdam","0"
"392","Amsterdam","9"
"393","Kiev","1"
"394","Kiev","9"
"395","Toronto","1"
"396","Toronto","9"
"397","Denver","0"
"398","Denver","9"
"399","Northern Virginia (Reston)","0"
"400","Northern Virginia (Reston)","9"
"401","Boston","0"
"402","Boston","9"
"403","D.C.","0"
"404","D.C.","9"
"405","Miami","0"
"406","Miami","9"
"407","San Jose","0"
"408","San Jose","9"
"409","Tokyo and Osaka","1"
"410","Tokyo and Osaka","9"
"411","Berlin","1"
"412","Berlin","9"
"413","Frankfurt am Main","1"
"414","Frankfurt am Main","9"
"415","Warsaw","0"
"416","Warsaw","9"
"417","Kharkiv","0"
"418","Kharkiv","9"
"419","Odessa","0"
"420","Odessa","9"
"421","Kyiv","1"
"422","Kyiv","9"
"423","Vienna","1"
"424","Vienna","9"
"425","Bratislava","1"
"426","Bratislava","9"
"427","Prague","2"
"428","Prague","9"
"429","Vancouver","0"
"430","Vancouver","9"
"431","Minneapolis","0"
"432","Minneapolis","9"
"433","Salt Lake City","0"
"434","Salt Lake City","9"
"435","Seattle","1"
"436","Seattle","9"
"437","Luleå","0"
"438","Luleå","9"
"439","Gothenburg","0"
"440","Gothenburg","9"
"441","Sundsvall","0"
"442","Sundsvall","9"
"443","Copenhagen","0"
"444","Copenhagen","9"
"445","Stockholm","2"
"446","Stockholm","9"
"447","Sydney","1"
"448","Sydney","9"
"449","Singapore","1"
"450","Singapore","9"
"451","Hong Kong","1"
"452","Hong Kong","9"
"453","Tokyo","0"
"454","Tokyo","9"
"455","Silicon Valley (San Jose","0"
"456","Silicon Valley (San Jose","9"
"457","CA)","0"
"458","CA)","9"
"459","Silicon Valley (Palo Alto","0"
"460","Silicon Valley (Palo Alto","9"
"461","Los Angeles","1"
"462","Los Angeles","9"
"463","Chicago","0"
"464","Chicago","9"
"465","DC (Vienna","0"
"466","DC (Vienna","9"
"467","VA)","1"
"468","VA)","9"
"469","DC (Ashburn","0"
"470","DC (Ashburn","9"
"471","Washington","0"
"472","Washington","9"
"473","NJ and New York City)","0"
"474","NJ and New York City)","9"
"475","New York (Secaucus","0"
"476","New York (Secaucus","9"
"477","Zürich","1"
"478","Zürich","9"
"479","Paris","3"
"480","Paris","9"
"481","Various cities[26]","1"
"482","Various cities[26]","9"
"483","Vladivostok","0"
"484","Vladivostok","9"
"485","Ekaterinburg","0"
"486","Ekaterinburg","9"
"487","Kazan","0"
"488","Kazan","9"
"489","Samara","0"
"490","Samara","9"
"491","Stavropol","0"
"492","Stavropol","9"
"493","Rostov-on-Don","0"
"494","Rostov-on-Don","9"
"495","Novosibirsk","0"
"496","Novosibirsk","9"
"497","Saint-Petersburg","1"
"498","Saint-Petersburg","9"
"499","Moscow","1"
"500","Moscow","9"
"501","Northern Virginia[19]","0"
"502","Northern Virginia[19]","9"
"503","Cardiff","0"
"504","Cardiff","9"
"505","Edinburgh","0"
"506","Edinburgh","9"
"507","Manchester","0"
"508","Manchester","9"
"509","London","2"
"510","London","9"
"511","Mumbai[14]","0"
"512","Mumbai[14]","9"
"513","San Francisco Bay Area[13]","0"
"514","San Francisco Bay Area[13]","9"
"515","Chicago[12]","0"
"516","Chicago[12]","9"
"517","New York City[11]","0"
"518","New York City[11]","9"
"519","Hong Kong[10]","0"
"520","Hong Kong[10]","9"
"521","Willemstad[9]","0"
"522","Willemstad[9]","9"
"523","Schiphol-Rijk[8]","0"
"524","Schiphol-Rijk[8]","9"
"525","Haarlem[8]","0"
"526","Haarlem[8]","9"
"527","Amsterdam[8]","1"
"528","Amsterdam[8]","9"
"529","Vitória","0"
"530","Vitória","9"
"531","Teresina","0"
"532","Teresina","9"
"533","São Paulo","0"
"534","São Paulo","9"
"535","São Luis","0"
"536","São Luis","9"
"537","São José do Rio Preto","0"
"538","São José do Rio Preto","9"
"539","São José dos Campos","0"
"540","São José dos Campos","9"
"541","São Carlos","0"
"542","São Carlos","9"
"543","Santa Maria","0"
"544","Santa Maria","9"
"545","Salvador","0"
"546","Salvador","9"
"547","Rio de Janeiro","0"
"548","Rio de Janeiro","9"
"549","Recife","0"
"550","Recife","9"
"551","Porto Alegre","0"
"552","Porto Alegre","9"
"553","Natal","0"
"554","Natal","9"
"555","Maringá","0"
"556","Maringá","9"
"557","Manaus","0"
"558","Manaus","9"
"559","Maceio","0"
"560","Maceio","9"
"561","Londrina","0"
"562","Londrina","9"
"563","Lajeado","0"
"564","Lajeado","9"
"565","João Pessoa","0"
"566","João Pessoa","9"
"567","Goiânia","0"
"568","Goiânia","9"
"569","Foz do Iguacu","0"
"570","Foz do Iguacu","9"
"571","Fortaleza","0"
"572","Fortaleza","9"
"573","Florianópolis","0"
"574","Florianópolis","9"
"575","Curitiba","0"
"576","Curitiba","9"
"577","Cuiabá","0"
"578","Cuiabá","9"
"579","Caxias do Sul","0"
"580","Caxias do Sul","9"
"581","Campinas","0"
"582","Campinas","9"
"583","Campina Grande","0"
"584","Campina Grande","9"
"585","Brasília","0"
"586","Brasília","9"
"587","Belo Horizonte","0"
"588","Belo Horizonte","9"
"589","Belém","0"
"590","Belém","9"
"591","Aracaju","1"
"592","Aracaju","9"
"593","Mumbai (as Mumbai IX)","0"
"594","Mumbai (as Mumbai IX)","9"
"595","Madrid","0"
"596","Madrid","9"
"597","Dallas","0"
"598","Dallas","9"
"599","Istanbul","0"
"600","Istanbul","9"
"601","Marseille","0"
"602","Marseille","9"
"603","Palermo","0"
"604","Palermo","9"
"605","Dubai (as UAE-IX)","0"
"606","Dubai (as UAE-IX)","9"
"607","New York City","1"
"608","New York City","9"
"609","Düsseldorf","0"
"610","Düsseldorf","9"
"611","Munich","1"
"612","Munich","9"
"613","Hamburg","0"
"614","Hamburg","9"
"615","Frankfurt","2"
"616","Frankfurt","9"
"617",NA,"0"
"618","France","0"
"619","Lyon","0"
"620","LyonIX","1"
"621","Porto","0"
"622","Lisbon","1"
"623","Craiova","0"
"624","Timisoara","0"
"625","Constanta","0"
"626","Detroit","1"
"627","Lyngby","1"
"628","Montreal","1"
"629","Luxembourg","1"
"630","Ljubljana","1"
"631","Oulu","0"
"632","Helsinki","0"
"633","Espoo","1"
"634","Oslo","1"
"635","Navi Mumbai","1"
"636","Dubai","1"
"637","Bratislava and Košice","1"
"638","Guwahati","0"
"639","Ahmedabad","0"
"640","Hyderabad","0"
"641","Bangalore","0"
"642","Kolkata","0"
"643","Chennai","0"
"644","Delhi","0"
"645","Mumbai","1"
"646","Dublin","1"
"647","Brussels","1"
"648","Seoul","1"
"649","Phoenix","0"
"650","Atlanta","1"
"651","Thessaloniki","0"
"652","Athens","0"
"653","Bucharest","1"
"654","Sofia","0"
"655","Belgrade","0"
"656","Zagreb","0"
"657","Milan","1"
"658","Amsterdam","0"
"659","Kiev","1"
"660","Toronto","1"
"661","Denver","0"
"662","Northern Virginia (Reston)","0"
"663","Boston","0"
"664","D.C.","0"
"665","Miami","0"
"666","San Jose","0"
"667","Tokyo and Osaka","1"
"668","Berlin","1"
"669","Frankfurt am Main","1"
"670","Warsaw","0"
"671","Kharkiv","0"
"672","Odessa","0"
"673","Kyiv","1"
"674","Vienna","1"
"675","Bratislava","1"
"676","Prague","2"
"677","Vancouver","0"
"678","Minneapolis","0"
"679","Salt Lake City","0"
"680","Seattle","1"
"681","Luleå","0"
"682","Gothenburg","0"
"683","Sundsvall","0"
"684","Copenhagen","0"
"685","Stockholm","2"
"686","Sydney","1"
"687","Singapore","1"
"688","Hong Kong","1"
"689","Tokyo","0"
"690","Silicon Valley (San Jose","0"
"691","CA)","0"
"692","Silicon Valley (Palo Alto","0"
"693","Los Angeles","1"
"694","Chicago","0"
"695","DC (Vienna","0"
"696","VA)","1"
"697","DC (Ashburn","0"
"698","Washington","0"
"699","NJ and New York City)","0"
"700","New York (Secaucus","0"
"701","Zürich","1"
"702","Paris","3"
"703","Various cities[26]","1"
"704","Vladivostok","0"
"705","Ekaterinburg","0"
"706","Kazan","0"
"707","Samara","0"
"708","Stavropol","0"
"709","Rostov-on-Don","0"
"710","Novosibirsk","0"
"711","Saint-Petersburg","1"
"712","Moscow","1"
"713","Northern Virginia[19]","0"
"714","Cardiff","0"
"715","Edinburgh","0"
"716","Manchester","0"
"717","London","2"
"718","Mumbai[14]","0"
"719","San Francisco Bay Area[13]","0"
"720","Chicago[12]","0"
"721","New York City[11]","0"
"722","Hong Kong[10]","0"
"723","Willemstad[9]","0"
"724","Schiphol-Rijk[8]","0"
"725","Haarlem[8]","0"
"726","Amsterdam[8]","1"
"727","Vitória","0"
"728","Teresina","0"
"729","São Paulo","0"
"730","São Luis","0"
"731","São José do Rio Preto","0"
"732","São José dos Campos","0"
"733","São Carlos","0"
"734","Santa Maria","0"
"735","Salvador","0"
"736","Rio de Janeiro","0"
"737","Recife","0"
"738","Porto Alegre","0"
"739","Natal","0"
"740","Maringá","0"
"741","Manaus","0"
"742","Maceio","0"
"743","Londrina","0"
"744","Lajeado","0"
"745","João Pessoa","0"
"746","Goiânia","0"
"747","Foz do Iguacu","0"
"748","Fortaleza","0"
"749","Florianópolis","0"
"750","Curitiba","0"
"751","Cuiabá","0"
"752","Caxias do Sul","0"
"753","Campinas","0"
"754","Campina Grande","0"
"755","Brasília","0"
"756","Belo Horizonte","0"
"757","Belém","0"
"758","Aracaju","1"
"759","Mumbai (as Mumbai IX)","0"
"760","Madrid","0"
"761","Dallas","0"
"762","Istanbul","0"
"763","Marseille","0"
"764","Palermo","0"
"765","Dubai (as UAE-IX)","0"
"766","New York City","1"
"767","Düsseldorf","0"
"768","Munich","1"
"769","Hamburg","0"
"770","Frankfurt","2"
"771",NA,"0"
"772","France","0"
"773","Lyon","0"
"774","LyonIX","1"
"775","Porto","0"
"776","Lisbon","1"
"777","Craiova","0"
"778","Timisoara","0"
"779","Constanta","0"
"780","Detroit","1"
"781","Lyngby","1"
"782","Montreal","1"
"783","Luxembourg","1"
"784","Ljubljana","1"
"785","Oulu","0"
"786","Helsinki","0"
"787","Espoo","1"
"788","Oslo","1"
"789","Navi Mumbai","1"
"790","Dubai","1"
"791","Bratislava and Košice","1"
"792","Guwahati","0"
"793","Ahmedabad","0"
"794","Hyderabad","0"
"795","Bangalore","0"
"796","Kolkata","0"
"797","Chennai","0"
"798","Delhi","0"
"799","Mumbai","1"
"800","Dublin","1"
"801","Brussels","1"
"802","Seoul","1"
"803","Phoenix","0"
"804","Atlanta","1"
"805","Thessaloniki","0"
"806","Athens","0"
"807","Bucharest","1"
"808","Sofia","0"
"809","Belgrade","0"
"810","Zagreb","0"
"811","Milan","1"
"812","Amsterdam","0"
"813","Kiev","1"
"814","Toronto","1"
"815","Denver","0"
"816","Northern Virginia (Reston)","0"
"817","Boston","0"
"818","D.C.","0"
"819","Miami","0"
"820","San Jose","0"
"821","Tokyo and Osaka","1"
"822","Berlin","1"
"823","Frankfurt am Main","1"
"824","Warsaw","0"
"825","Kharkiv","0"
"826","Odessa","0"
"827","Kyiv","1"
"828","Vienna","1"
"829","Bratislava","1"
"830","Prague","2"
"831","Vancouver","0"
"832","Minneapolis","0"
"833","Salt Lake City","0"
"834","Seattle","1"
"835","Luleå","0"
"836","Gothenburg","0"
"837","Sundsvall","0"
"838","Copenhagen","0"
"839","Stockholm","2"
"840","Sydney","1"
"841","Singapore","1"
"842","Hong Kong","1"
"843","Tokyo","0"
"844","Silicon Valley (San Jose","0"
"845","CA)","0"
"846","Silicon Valley (Palo Alto","0"
"847","Los Angeles","1"
"848","Chicago","0"
"849","DC (Vienna","0"
"850","VA)","1"
"851","DC (Ashburn","0"
"852","Washington","0"
"853","NJ and New York City)","0"
"854","New York (Secaucus","0"
"855","Zürich","1"
"856","Paris","3"
"857","Various cities[26]","1"
"858","Vladivostok","0"
"859","Ekaterinburg","0"
"860","Kazan","0"
"861","Samara","0"
"862","Stavropol","0"
"863","Rostov-on-Don","0"
"864","Novosibirsk","0"
"865","Saint-Petersburg","1"
"866","Moscow","1"
"867","Northern Virginia[19]","0"
"868","Cardiff","0"
"869","Edinburgh","0"
"870","Manchester","0"
"871","London","2"
"872","Mumbai[14]","0"
"873","San Francisco Bay Area[13]","0"
"874","Chicago[12]","0"
"875","New York City[11]","0"
"876","Hong Kong[10]","0"
"877","Willemstad[9]","0"
"878","Schiphol-Rijk[8]","0"
"879","Haarlem[8]","0"
"880","Amsterdam[8]","1"
"881","Vitória","0"
"882","Teresina","0"
"883","São Paulo","0"
"884","São Luis","0"
"885","São José do Rio Preto","0"
"886","São José dos Campos","0"
"887","São Carlos","0"
"888","Santa Maria","0"
"889","Salvador","0"
"890","Rio de Janeiro","0"
"891","Recife","0"
"892","Porto Alegre","0"
"893","Natal","0"
"894","Maringá","0"
"895","Manaus","0"
"896","Maceio","0"
"897","Londrina","0"
"898","Lajeado","0"
"899","João Pessoa","0"
"900","Goiânia","0"
"901","Foz do Iguacu","0"
"902","Fortaleza","0"
"903","Florianópolis","0"
"904","Curitiba","0"
"905","Cuiabá","0"
"906","Caxias do Sul","0"
"907","Campinas","0"
"908","Campina Grande","0"
"909","Brasília","0"
"910","Belo Horizonte","0"
"911","Belém","0"
"912","Aracaju","1"
"913","Mumbai (as Mumbai IX)","0"
"914","Madrid","0"
"915","Dallas","0"
"916","Istanbul","0"
"917","Marseille","0"
"918","Palermo","0"
"919","Dubai (as UAE-IX)","0"
"920","New York City","1"
"921","Düsseldorf","0"
"922","Munich","1"
"923","Hamburg","0"
"924","Frankfurt","2"
"925",NA,"0"
"926","France","0"
"927","Lyon","0"
"928","LyonIX","1"
"929","Porto","0"
"930","Lisbon","1"
"931","Craiova","0"
"932","Timisoara","0"
"933","Constanta","0"
"934","Detroit","1"
"935","Lyngby","1"
"936","Montreal","1"
"937","Luxembourg","1"
"938","Ljubljana","1"
"939","Oulu","0"
"940","Helsinki","0"
"941","Espoo","1"
"942","Oslo","1"
"943","Navi Mumbai","1"
"944","Dubai","1"
"945","Bratislava and Košice","1"
"946","Guwahati","0"
"947","Ahmedabad","0"
"948","Hyderabad","0"
"949","Bangalore","0"
"950","Kolkata","0"
"951","Chennai","0"
"952","Delhi","0"
"953","Mumbai","1"
"954","Dublin","1"
"955","Brussels","1"
"956","Seoul","1"
"957","Phoenix","0"
"958","Atlanta","1"
"959","Thessaloniki","0"
"960","Athens","0"
"961","Bucharest","1"
"962","Sofia","0"
"963","Belgrade","0"
"964","Zagreb","0"
"965","Milan","1"
"966","Amsterdam","0"
"967","Kiev","1"
"968","Toronto","1"
"969","Denver","0"
"970","Northern Virginia (Reston)","0"
"971","Boston","0"
"972","D.C.","0"
"973","Miami","0"
"974","San Jose","0"
"975","Tokyo and Osaka","1"
"976","Berlin","1"
"977","Frankfurt am Main","1"
"978","Warsaw","0"
"979","Kharkiv","0"
"980","Odessa","0"
"981","Kyiv","1"
"982","Vienna","1"
"983","Bratislava","1"
"984","Prague","2"
"985","Vancouver","0"
"986","Minneapolis","0"
"987","Salt Lake City","0"
"988","Seattle","1"
"989","Luleå","0"
"990","Gothenburg","0"
"991","Sundsvall","0"
"992","Copenhagen","0"
"993","Stockholm","2"
"994","Sydney","1"
"995","Singapore","1"
"996","Hong Kong","1"
"997","Tokyo","0"
"998","Silicon Valley (San Jose","0"
"999","CA)","0"
"1000","Silicon Valley (Palo Alto","0"
"1001","Los Angeles","1"
"1002","Chicago","0"
"1003","DC (Vienna","0"
"1004","VA)","1"
"1005","DC (Ashburn","0"
"1006","Washington","0"
"1007","NJ and New York City)","0"
"1008","New York (Secaucus","0"
"1009","Zürich","1"
"1010","Paris","3"
"1011","Various cities[26]","1"
"1012","Vladivostok","0"
"1013","Ekaterinburg","0"
"1014","Kazan","0"
"1015","Samara","0"
"1016","Stavropol","0"
"1017","Rostov-on-Don","0"
"1018","Novosibirsk","0"
"1019","Saint-Petersburg","1"
"1020","Moscow","1"
"1021","Northern Virginia[19]","0"
"1022","Cardiff","0"
"1023","Edinburgh","0"
"1024","Manchester","0"
"1025","London","2"
"1026","Mumbai[14]","0"
"1027","San Francisco Bay Area[13]","0"
"1028","Chicago[12]","0"
"1029","New York City[11]","0"
"1030","Hong Kong[10]","0"
"1031","Willemstad[9]","0"
"1032","Schiphol-Rijk[8]","0"
"1033","Haarlem[8]","0"
"1034","Amsterdam[8]","1"
"1035","Vitória","0"
"1036","Teresina","0"
"1037","São Paulo","0"
"1038","São Luis","0"
"1039","São José do Rio Preto","0"
"1040","São José dos Campos","0"
"1041","São Carlos","0"
"1042","Santa Maria","0"
"1043","Salvador","0"
"1044","Rio de Janeiro","0"
"1045","Recife","0"
"1046","Porto Alegre","0"
"1047","Natal","0"
"1048","Maringá","0"
"1049","Manaus","0"
"1050","Maceio","0"
"1051","Londrina","0"
"1052","Lajeado","0"
"1053","João Pessoa","0"
"1054","Goiânia","0"
"1055","Foz do Iguacu","0"
"1056","Fortaleza","0"
"1057","Florianópolis","0"
"1058","Curitiba","0"
"1059","Cuiabá","0"
"1060","Caxias do Sul","0"
"1061","Campinas","0"
"1062","Campina Grande","0"
"1063","Brasília","0"
"1064","Belo Horizonte","0"
"1065","Belém","0"
"1066","Aracaju","1"
"1067","Mumbai (as Mumbai IX)","0"
"1068","Madrid","0"
"1069","Dallas","0"
"1070","Istanbul","0"
"1071","Marseille","0"
"1072","Palermo","0"
"1073","Dubai (as UAE-IX)","0"
"1074","New York City","1"
"1075","Düsseldorf","0"
"1076","Munich","1"
"1077","Hamburg","0"
"1078","Frankfurt","2"
"1079",NA,"0"
"1080","France","0"
"1081","Lyon","0"
"1082","LyonIX","1"
"1083","Porto","0"
"1084","Lisbon","1"
"1085","Craiova","0"
"1086","Timisoara","0"
"1087","Constanta","0"
"1088","Detroit","1"
"1089","Lyngby","1"
"1090","Montreal","1"
"1091","Luxembourg","1"
"1092","Ljubljana","1"
"1093","Oulu","0"
"1094","Helsinki","0"
"1095","Espoo","1"
"1096","Oslo","1"
"1097","Navi Mumbai","1"
"1098","Dubai","1"
"1099","Bratislava and Košice","1"
"1100","Guwahati","0"
"1101","Ahmedabad","0"
"1102","Hyderabad","0"
"1103","Bangalore","0"
"1104","Kolkata","0"
"1105","Chennai","0"
"1106","Delhi","0"
"1107","Mumbai","1"
"1108","Dublin","1"
"1109","Brussels","1"
"1110","Seoul","1"
"1111","Phoenix","0"
"1112","Atlanta","1"
"1113","Thessaloniki","0"
"1114","Athens","0"
"1115","Bucharest","1"
"1116","Sofia","0"
"1117","Belgrade","0"
"1118","Zagreb","0"
"1119","Milan","1"
"1120","Amsterdam","0"
"1121","Kiev","1"
"1122","Toronto","1"
"1123","Denver","0"
"1124","Northern Virginia (Reston)","0"
"1125","Boston","0"
"1126","D.C.","0"
"1127","Miami","0"
"1128","San Jose","0"
"1129","Tokyo and Osaka","1"
"1130","Berlin","1"
"1131","Frankfurt am Main","1"
"1132","Warsaw","0"
"1133","Kharkiv","0"
"1134","Odessa","0"
"1135","Kyiv","1"
"1136","Vienna","1"
"1137","Bratislava","1"
"1138","Prague","2"
"1139","Vancouver","0"
"1140","Minneapolis","0"
"1141","Salt Lake City","0"
"1142","Seattle","1"
"1143","Luleå","0"
"1144","Gothenburg","0"
"1145","Sundsvall","0"
"1146","Copenhagen","0"
"1147","Stockholm","2"
"1148","Sydney","1"
"1149","Singapore","1"
"1150","Hong Kong","1"
"1151","Tokyo","0"
"1152","Silicon Valley (San Jose","0"
"1153","CA)","0"
"1154","Silicon Valley (Palo Alto","0"
"1155","Los Angeles","1"
"1156","Chicago","0"
"1157","DC (Vienna","0"
"1158","VA)","1"
"1159","DC (Ashburn","0"
"1160","Washington","0"
"1161","NJ and New York City)","0"
"1162","New York (Secaucus","0"
"1163","Zürich","1"
"1164","Paris","3"
"1165","Various cities[26]","1"
"1166","Vladivostok","0"
"1167","Ekaterinburg","0"
"1168","Kazan","0"
"1169","Samara","0"
"1170","Stavropol","0"
"1171","Rostov-on-Don","0"
"1172","Novosibirsk","0"
"1173","Saint-Petersburg","1"
"1174","Moscow","1"
"1175","Northern Virginia[19]","0"
"1176","Cardiff","0"
"1177","Edinburgh","0"
"1178","Manchester","0"
"1179","London","2"
"1180","Mumbai[14]","0"
"1181","San Francisco Bay Area[13]","0"
"1182","Chicago[12]","0"
"1183","New York City[11]","0"
"1184","Hong Kong[10]","0"
"1185","Willemstad[9]","0"
"1186","Schiphol-Rijk[8]","0"
"1187","Haarlem[8]","0"
"1188","Amsterdam[8]","1"
"1189","Vitória","0"
"1190","Teresina","0"
"1191","São Paulo","0"
"1192","São Luis","0"
"1193","São José do Rio Preto","0"
"1194","São José dos Campos","0"
"1195","São Carlos","0"
"1196","Santa Maria","0"
"1197","Salvador","0"
"1198","Rio de Janeiro","0"
"1199","Recife","0"
"1200","Porto Alegre","0"
"1201","Natal","0"
"1202","Maringá","0"
"1203","Manaus","0"
"1204","Maceio","0"
"1205","Londrina","0"
"1206","Lajeado","0"
"1207","João Pessoa","0"
"1208","Goiânia","0"
"1209","Foz do Iguacu","0"
"1210","Fortaleza","0"
"1211","Florianópolis","0"
"1212","Curitiba","0"
"1213","Cuiabá","0"
"1214","Caxias do Sul","0"
"1215","Campinas","0"
"1216","Campina Grande","0"
"1217","Brasília","0"
"1218","Belo Horizonte","0"
"1219","Belém","0"
"1220","Aracaju","1"
"1221","Mumbai (as Mumbai IX)","0"
"1222","Madrid","0"
"1223","Dallas","0"
"1224","Istanbul","0"
"1225","Marseille","0"
"1226","Palermo","0"
"1227","Dubai (as UAE-IX)","0"
"1228","New York City","1"
"1229","Düsseldorf","0"
"1230","Munich","1"
"1231","Hamburg","0"
"1232","Frankfurt","2"
"1233",NA,"0"
"1234","France","0"
"1235","Lyon","0"
"1236","LyonIX","1"
"1237","Porto","0"
"1238","Lisbon","1"
"1239","Craiova","0"
"1240","Timisoara","0"
"1241","Constanta","0"
"1242","Detroit","1"
"1243","Lyngby","1"
"1244","Montreal","1"
"1245","Luxembourg","1"
"1246","Ljubljana","1"
"1247","Oulu","0"
"1248","Helsinki","0"
"1249","Espoo","1"
"1250","Oslo","1"
"1251","Navi Mumbai","1"
"1252","Dubai","1"
"1253","Bratislava and Košice","1"
"1254","Guwahati","0"
"1255","Ahmedabad","0"
"1256","Hyderabad","0"
"1257","Bangalore","0"
"1258","Kolkata","0"
"1259","Chennai","0"
"1260","Delhi","0"
"1261","Mumbai","1"
"1262","Dublin","1"
"1263","Brussels","1"
"1264","Seoul","1"
"1265","Phoenix","0"
"1266","Atlanta","1"
"1267","Thessaloniki","0"
"1268","Athens","0"
"1269","Bucharest","1"
"1270","Sofia","0"
"1271","Belgrade","0"
"1272","Zagreb","0"
"1273","Milan","1"
"1274","Amsterdam","0"
"1275","Kiev","1"
"1276","Toronto","1"
"1277","Denver","0"
"1278","Northern Virginia (Reston)","0"
"1279","Boston","0"
"1280","D.C.","0"
"1281","Miami","0"
"1282","San Jose","0"
"1283","Tokyo and Osaka","1"
"1284","Berlin","1"
"1285","Frankfurt am Main","1"
"1286","Warsaw","0"
"1287","Kharkiv","0"
"1288","Odessa","0"
"1289","Kyiv","1"
"1290","Vienna","1"
"1291","Bratislava","1"
"1292","Prague","2"
"1293","Vancouver","0"
"1294","Minneapolis","0"
"1295","Salt Lake City","0"
"1296","Seattle","1"
"1297","Luleå","0"
"1298","Gothenburg","0"
"1299","Sundsvall","0"
"1300","Copenhagen","0"
"1301","Stockholm","2"
"1302","Sydney","1"
"1303","Singapore","1"
"1304","Hong Kong","1"
"1305","Tokyo","0"
"1306","Silicon Valley (San Jose","0"
"1307","CA)","0"
"1308","Silicon Valley (Palo Alto","0"
"1309","Los Angeles","1"
"1310","Chicago","0"
"1311","DC (Vienna","0"
"1312","VA)","1"
"1313","DC (Ashburn","0"
"1314","Washington","0"
"1315","NJ and New York City)","0"
"1316","New York (Secaucus","0"
"1317","Zürich","1"
"1318","Paris","3"
"1319","Various cities[26]","1"
"1320","Vladivostok","0"
"1321","Ekaterinburg","0"
"1322","Kazan","0"
"1323","Samara","0"
"1324","Stavropol","0"
"1325","Rostov-on-Don","0"
"1326","Novosibirsk","0"
"1327","Saint-Petersburg","1"
"1328","Moscow","1"
"1329","Northern Virginia[19]","0"
"1330","Cardiff","0"
"1331","Edinburgh","0"
"1332","Manchester","0"
"1333","London","2"
"1334","Mumbai[14]","0"
"1335","San Francisco Bay Area[13]","0"
"1336","Chicago[12]","0"
"1337","New York City[11]","0"
"1338","Hong Kong[10]","0"
"1339","Willemstad[9]","0"
"1340","Schiphol-Rijk[8]","0"
"1341","Haarlem[8]","0"
"1342","Amsterdam[8]","1"
"1343","Vitória","0"
"1344","Teresina","0"
"1345","São Paulo","0"
"1346","São Luis","0"
"1347","São José do Rio Preto","0"
"1348","São José dos Campos","0"
"1349","São Carlos","0"
"1350","Santa Maria","0"
"1351","Salvador","0"
"1352","Rio de Janeiro","0"
"1353","Recife","0"
"1354","Porto Alegre","0"
"1355","Natal","0"
"1356","Maringá","0"
"1357","Manaus","0"
"1358","Maceio","0"
"1359","Londrina","0"
"1360","Lajeado","0"
"1361","João Pessoa","0"
"1362","Goiânia","0"
"1363","Foz do Iguacu","0"
"1364","Fortaleza","0"
"1365","Florianópolis","0"
"1366","Curitiba","0"
"1367","Cuiabá","0"
"1368","Caxias do Sul","0"
"1369","Campinas","0"
"1370","Campina Grande","0"
"1371","Brasília","0"
"1372","Belo Horizonte","0"
"1373","Belém","0"
"1374","Aracaju","1"
"1375","Mumbai (as Mumbai IX)","0"
"1376","Madrid","0"
"1377","Dallas","0"
"1378","Istanbul","0"
"1379","Marseille","0"
"1380","Palermo","0"
"1381","Dubai (as UAE-IX)","0"
"1382","New York City","1"
"1383","Düsseldorf","0"
"1384","Munich","1"
"1385","Hamburg","0"
"1386","Frankfurt","2"
"1387",NA,"0"
"1388","France","0"
"1389","Lyon","0"
"1390","LyonIX","1"
"1391","Porto","0"
"1392","Lisbon","1"
"1393","Craiova","0"
"1394","Timisoara","0"
"1395","Constanta","0"
"1396","Detroit","1"
"1397","Lyngby","1"
"1398","Montreal","1"
"1399","Luxembourg","1"
"1400","Ljubljana","1"
"1401","Oulu","0"
"1402","Helsinki","0"
"1403","Espoo","1"
"1404","Oslo","1"
"1405","Navi Mumbai","1"
"1406","Dubai","1"
"1407","Bratislava and Košice","1"
"1408","Guwahati","0"
"1409","Ahmedabad","0"
"1410","Hyderabad","0"
"1411","Bangalore","0"
"1412","Kolkata","0"
"1413","Chennai","0"
"1414","Delhi","0"
"1415","Mumbai","1"
"1416","Dublin","1"
"1417","Brussels","1"
"1418","Seoul","1"
"1419","Phoenix","0"
"1420","Atlanta","1"
"1421","Thessaloniki","0"
"1422","Athens","0"
"1423","Bucharest","1"
"1424","Sofia","0"
"1425","Belgrade","0"
"1426","Zagreb","0"
"1427","Milan","1"
"1428","Amsterdam","0"
"1429","Kiev","1"
"1430","Toronto","1"
"1431","Denver","0"
"1432","Northern Virginia (Reston)","0"
"1433","Boston","0"
"1434","D.C.","0"
"1435","Miami","0"
"1436","San Jose","0"
"1437","Tokyo and Osaka","1"
"1438","Berlin","1"
"1439","Frankfurt am Main","1"
"1440","Warsaw","0"
"1441","Kharkiv","0"
"1442","Odessa","0"
"1443","Kyiv","1"
"1444","Vienna","1"
"1445","Bratislava","1"
"1446","Prague","2"
"1447","Vancouver","0"
"1448","Minneapolis","0"
"1449","Salt Lake City","0"
"1450","Seattle","1"
"1451","Luleå","0"
"1452","Gothenburg","0"
"1453","Sundsvall","0"
"1454","Copenhagen","0"
"1455","Stockholm","2"
"1456","Sydney","1"
"1457","Singapore","1"
"1458","Hong Kong","1"
"1459","Tokyo","0"
"1460","Silicon Valley (San Jose","0"
"1461","CA)","0"
"1462","Silicon Valley (Palo Alto","0"
"1463","Los Angeles","1"
"1464","Chicago","0"
"1465","DC (Vienna","0"
"1466","VA)","1"
"1467","DC (Ashburn","0"
"1468","Washington","0"
"1469","NJ and New York City)","0"
"1470","New York (Secaucus","0"
"1471","Zürich","1"
"1472","Paris","3"
"1473","Various cities[26]","1"
"1474","Vladivostok","0"
"1475","Ekaterinburg","0"
"1476","Kazan","0"
"1477","Samara","0"
"1478","Stavropol","0"
"1479","Rostov-on-Don","0"
"1480","Novosibirsk","0"
"1481","Saint-Petersburg","1"
"1482","Moscow","1"
"1483","Northern Virginia[19]","0"
"1484","Cardiff","0"
"1485","Edinburgh","0"
"1486","Manchester","0"
"1487","London","2"
"1488","Mumbai[14]","0"
"1489","San Francisco Bay Area[13]","0"
"1490","Chicago[12]","0"
"1491","New York City[11]","0"
"1492","Hong Kong[10]","0"
"1493","Willemstad[9]","0"
"1494","Schiphol-Rijk[8]","0"
"1495","Haarlem[8]","0"
"1496","Amsterdam[8]","1"
"1497","Vitória","0"
"1498","Teresina","0"
"1499","São Paulo","0"
"1500","São Luis","0"
"1501","São José do Rio Preto","0"
"1502","São José dos Campos","0"
"1503","São Carlos","0"
"1504","Santa Maria","0"
"1505","Salvador","0"
"1506","Rio de Janeiro","0"
"1507","Recife","0"
"1508","Porto Alegre","0"
"1509","Natal","0"
"1510","Maringá","0"
"1511","Manaus","0"
"1512","Maceio","0"
"1513","Londrina","0"
"1514","Lajeado","0"
"1515","João Pessoa","0"
"1516","Goiânia","0"
"1517","Foz do Iguacu","0"
"1518","Fortaleza","0"
"1519","Florianópolis","0"
"1520","Curitiba","0"
"1521","Cuiabá","0"
"1522","Caxias do Sul","0"
"1523","Campinas","0"
"1524","Campina Grande","0"
"1525","Brasília","0"
"1526","Belo Horizonte","0"
"1527","Belém","0"
"1528","Aracaju","1"
"1529","Mumbai (as Mumbai IX)","0"
"1530","Madrid","0"
"1531","Dallas","0"
"1532","Istanbul","0"
"1533","Marseille","0"
"1534","Palermo","0"
"1535","Dubai (as UAE-IX)","0"
"1536","New York City","1"
"1537","Düsseldorf","0"
"1538","Munich","1"
"1539","Hamburg","0"
"1540","Frankfurt","2"
"1541",NA,"0"
"1542","France","0"
"1543","Lyon","0"
"1544","LyonIX","1"
"1545","Porto","0"
"1546","Lisbon","1"
"1547","Craiova","0"
"1548","Timisoara","0"
"1549","Constanta","0"
"1550","Detroit","1"
"1551","Lyngby","1"
"1552","Montreal","1"
"1553","Luxembourg","1"
"1554","Ljubljana","1"
"1555","Oulu","0"
"1556","Helsinki","0"
"1557","Espoo","1"
"1558","Oslo","1"
"1559","Navi Mumbai","1"
"1560","Dubai","1"
"1561","Bratislava and Košice","1"
"1562","Guwahati","0"
"1563","Ahmedabad","0"
"1564","Hyderabad","0"
"1565","Bangalore","0"
"1566","Kolkata","0"
"1567","Chennai","0"
"1568","Delhi","0"
"1569","Mumbai","1"
"1570","Dublin","1"
"1571","Brussels","1"
"1572","Seoul","1"
"1573","Phoenix","0"
"1574","Atlanta","1"
"1575","Thessaloniki","0"
"1576","Athens","0"
"1577","Bucharest","1"
"1578","Sofia","0"
"1579","Belgrade","0"
"1580","Zagreb","0"
"1581","Milan","1"
"1582","Amsterdam","0"
"1583","Kiev","1"
"1584","Toronto","1"
"1585","Denver","0"
"1586","Northern Virginia (Reston)","0"
"1587","Boston","0"
"1588","D.C.","0"
"1589","Miami","0"
"1590","San Jose","0"
"1591","Tokyo and Osaka","1"
"1592","Berlin","1"
"1593","Frankfurt am Main","1"
"1594","Warsaw","0"
"1595","Kharkiv","0"
"1596","Odessa","0"
"1597","Kyiv","1"
"1598","Vienna","1"
"1599","Bratislava","1"
"1600","Prague","2"
"1601","Vancouver","0"
"1602","Minneapolis","0"
"1603","Salt Lake City","0"
"1604","Seattle","1"
"1605","Luleå","0"
"1606","Gothenburg","0"
"1607","Sundsvall","0"
"1608","Copenhagen","0"
"1609","Stockholm","2"
"1610","Sydney","1"
"1611","Singapore","1"
"1612","Hong Kong","1"
"1613","Tokyo","0"
"1614","Silicon Valley (San Jose","0"
"1615","CA)","0"
"1616","Silicon Valley (Palo Alto","0"
"1617","Los Angeles","1"
"1618","Chicago","0"
"1619","DC (Vienna","0"
"1620","VA)","1"
"1621","DC (Ashburn","0"
"1622","Washington","0"
"1623","NJ and New York City)","0"
"1624","New York (Secaucus","0"
"1625","Zürich","1"
"1626","Paris","3"
"1627","Various cities[26]","1"
"1628","Vladivostok","0"
"1629","Ekaterinburg","0"
"1630","Kazan","0"
"1631","Samara","0"
"1632","Stavropol","0"
"1633","Rostov-on-Don","0"
"1634","Novosibirsk","0"
"1635","Saint-Petersburg","1"
"1636","Moscow","1"
"1637","Northern Virginia[19]","0"
"1638","Cardiff","0"
"1639","Edinburgh","0"
"1640","Manchester","0"
"1641","London","2"
"1642","Mumbai[14]","0"
"1643","San Francisco Bay Area[13]","0"
"1644","Chicago[12]","0"
"1645","New York City[11]","0"
"1646","Hong Kong[10]","0"
"1647","Willemstad[9]","0"
"1648","Schiphol-Rijk[8]","0"
"1649","Haarlem[8]","0"
"1650","Amsterdam[8]","1"
"1651","Vitória","0"
"1652","Teresina","0"
"1653","São Paulo","0"
"1654","São Luis","0"
"1655","São José do Rio Preto","0"
"1656","São José dos Campos","0"
"1657","São Carlos","0"
"1658","Santa Maria","0"
"1659","Salvador","0"
"1660","Rio de Janeiro","0"
"1661","Recife","0"
"1662","Porto Alegre","0"
"1663","Natal","0"
"1664","Maringá","0"
"1665","Manaus","0"
"1666","Maceio","0"
"1667","Londrina","0"
"1668","Lajeado","0"
"1669","João Pessoa","0"
"1670","Goiânia","0"
"1671","Foz do Iguacu","0"
"1672","Fortaleza","0"
"1673","Florianópolis","0"
"1674","Curitiba","0"
"1675","Cuiabá","0"
"1676","Caxias do Sul","0"
"1677","Campinas","0"
"1678","Campina Grande","0"
"1679","Brasília","0"
"1680","Belo Horizonte","0"
"1681","Belém","0"
"1682","Aracaju","1"
"1683","Mumbai (as Mumbai IX)","0"
"1684","Madrid","0"
"1685","Dallas","0"
"1686","Istanbul","0"
"1687","Marseille","0"
"1688","Palermo","0"
"1689","Dubai (as UAE-IX)","0"
"1690","New York City","1"
"1691","Düsseldorf","0"
"1692","Munich","1"
"1693","Hamburg","0"
"1694","Frankfurt","2"
"1695",NA,"0"
"1696"," France","1"
"1697"," Lyon","1"
"1698","LyonIX","1"
"1699","Bratislava","1"
"1700","Saint-Petersburg","1"
"1701","Munich","1"
"1702","Sydney","1"
"1703"," Porto","1"
"1704","Lisbon","1"
"1705"," Craiova","1"
"1706"," Timisoara","1"
"1707"," Constanta","1"
"1708","Bucharest","1"
"1709","Detroit","1"
"1710","Lyngby","1"
"1711","Montreal","1"
"1712","Luxembourg","1"
"1713","Ljubljana","1"
"1714"," Oulu","1"
"1715"," Helsinki","1"
"1716","Espoo","1"
"1717","Singapore","1"
"1718","Oslo","1"
"1719","Navi Mumbai","1"
"1720","Dubai","1"
"1721","Bratislava and Košice","1"
"1722"," Guwahati","1"
"1723"," Ahmedabad","1"
"1724"," Hyderabad","1"
"1725"," Bangalore","1"
"1726"," Kolkata","1"
"1727"," Chennai","1"
"1728"," Delhi","1"
"1729","Mumbai","1"
"1730","Zürich","1"
"1731","Dublin","1"
"1732","Brussels","1"
"1733","Vienna","1"
"1734","Seoul","1"
"1735","Berlin","1"
"1736"," Phoenix","1"
"1737","Atlanta","1"
"1738","Milan","1"
"1739","New York City","1"
"1740"," Thessaloniki","1"
"1741"," Athens","1"
"1742"," Kiev","1"
"1743"," Bucharest","1"
"1744"," Sofia","1"
"1745"," Belgrade","1"
"1746"," Zagreb","1"
"1747"," Prague","1"
"1748"," Stockholm","1"
"1749"," Milan","1"
"1750"," London","1"
"1751"," Paris","1"
"1752"," Amsterdam","1"
"1753","Kiev","1"
"1754","Toronto","1"
"1755","  Denver","1"
"1756"," Northern Virginia (Reston)","1"
"1757"," Boston","1"
"1758"," D.C.","1"
"1759"," Miami","2"
"1760"," San Jose","1"
"1761","Los Angeles","1"
"1762","Tokyo and Osaka","1"
"1763"," Berlin","1"
"1764","Frankfurt am Main","1"
"1765"," Warsaw","2"
"1766"," Moscow","2"
"1767"," Kharkiv","1"
"1768"," Odessa","1"
"1769","Kyiv","1"
"1770"," Vienna","2"
"1771"," Bratislava","1"
"1772","Prague","2"
"1773"," Vancouver","1"
"1774"," Minneapolis","1"
"1775"," Salt Lake City","1"
"1776","Seattle","1"
"1777","Hong Kong","1"
"1778"," Luleå","1"
"1779"," Gothenburg","2"
"1780"," Sundsvall","1"
"1781"," Copenhagen","2"
"1782","Stockholm","2"
"1783"," Sydney","1"
"1784"," Singapore","1"
"1785"," Hong Kong","1"
"1786"," Tokyo","1"
"1787"," Silicon Valley (San Jose","1"
"1788"," CA)","2"
"1789"," Silicon Valley (Palo Alto","1"
"1790"," Los Angeles","1"
"1791"," Chicago","2"
"1792","VA)","1"
"1793"," DC (Vienna","1"
"1794"," VA)","1"
"1795"," DC (Ashburn","1"
"1796"," Washington","3"
"1797"," NJ and New York City)","1"
"1798"," New York (Secaucus","1"
"1799"," Zürich","1"
"1800","Paris","3"
"1801","Various cities[26]","1"
"1802"," Vladivostok","1"
"1803"," Ekaterinburg","1"
"1804"," Kazan","1"
"1805"," Samara","1"
"1806"," Stavropol","1"
"1807"," Rostov-on-Don","1"
"1808"," Novosibirsk","1"
"1809"," Saint-Petersburg","1"
"1810","Moscow","1"
"1811"," Northern Virginia[19]","1"
"1812"," Cardiff","1"
"1813"," Edinburgh","1"
"1814"," Manchester","1"
"1815","London","2"
"1816"," Mumbai[14]","1"
"1817"," San Francisco Bay Area[13]","1"
"1818"," Chicago[12]","1"
"1819"," New York City[11]","1"
"1820"," Hong Kong[10]","1"
"1821"," Willemstad[9]","1"
"1822"," Schiphol-Rijk[8]","1"
"1823"," Haarlem[8]","1"
"1824","Amsterdam[8]","1"
"1825"," Vitória","1"
"1826"," Teresina","1"
"1827"," São Paulo","2"
"1828"," São Luis","1"
"1829"," São José do Rio Preto","1"
"1830"," São José dos Campos","1"
"1831"," São Carlos","1"
"1832"," Santa Maria","1"
"1833"," Salvador","1"
"1834"," Rio de Janeiro","2"
"1835"," Recife","1"
"1836"," Porto Alegre","1"
"1837"," Natal","1"
"1838"," Maringá","1"
"1839"," Manaus","1"
"1840"," Maceio","1"
"1841"," Londrina","1"
"1842"," Lajeado","1"
"1843"," João Pessoa","1"
"1844"," Goiânia","1"
"1845"," Foz do Iguacu","1"
"1846"," Fortaleza","1"
"1847"," Florianópolis","1"
"1848"," Curitiba","1"
"1849"," Cuiabá","1"
"1850"," Caxias do Sul","1"
"1851"," Campinas","1"
"1852"," Campina Grande","1"
"1853"," Brasília","1"
"1854"," Belo Horizonte","1"
"1855"," Belém","1"
"1856","Aracaju","1"
"1857"," Mumbai (as Mumbai IX)","1"
"1858"," Madrid","2"
"1859"," Dallas","3"
"1860"," Istanbul","2"
"1861"," Marseille","3"
"1862"," Palermo","1"
"1863"," Dubai (as UAE-IX)","1"
"1864"," New York City","3"
"1865"," Düsseldorf","2"
"1866"," Munich","2"
"1867"," Hamburg","2"
"1868","Frankfurt","2"
"1869",NA,"0"
"1870"," France","1"
"1871"," Lyon","1"
"1872","LyonIX","1"
"1873","Bratislava","1"
"1874","Saint-Petersburg","1"
"1875","Munich","1"
"1876","Sydney","1"
"1877"," Porto","1"
"1878","Lisbon","1"
"1879"," Craiova","1"
"1880"," Timisoara","1"
"1881"," Constanta","1"
"1882","Bucharest","1"
"1883","Detroit","1"
"1884","Lyngby","1"
"1885","Montreal","1"
"1886","Luxembourg","1"
"1887","Ljubljana","1"
"1888"," Oulu","1"
"1889"," Helsinki","1"
"1890","Espoo","1"
"1891","Singapore","1"
"1892","Oslo","1"
"1893","Navi Mumbai","1"
"1894","Dubai","1"
"1895","Bratislava and Košice","1"
"1896"," Guwahati","1"
"1897"," Ahmedabad","1"
"1898"," Hyderabad","1"
"1899"," Bangalore","1"
"1900"," Kolkata","1"
"1901"," Chennai","1"
"1902"," Delhi","1"
"1903","Mumbai","1"
"1904","Zürich","1"
"1905","Dublin","1"
"1906","Brussels","1"
"1907","Vienna","1"
"1908","Seoul","1"
"1909","Berlin","1"
"1910"," Phoenix","1"
"1911","Atlanta","1"
"1912","Milan","1"
"1913","New York City","1"
"1914"," Thessaloniki","1"
"1915"," Athens","1"
"1916"," Kiev","1"
"1917"," Bucharest","1"
"1918"," Sofia","1"
"1919"," Belgrade","1"
"1920"," Zagreb","1"
"1921"," Prague","1"
"1922"," Stockholm","1"
"1923"," Milan","1"
"1924"," London","1"
"1925"," Paris","1"
"1926"," Amsterdam","1"
"1927","Kiev","1"
"1928","Toronto","1"
"1929","  Denver","1"
"1930"," Northern Virginia (Reston)","1"
"1931"," Boston","1"
"1932"," D.C.","1"
"1933"," Miami","2"
"1934"," San Jose","1"
"1935","Los Angeles","1"
"1936","Tokyo and Osaka","1"
"1937"," Berlin","1"
"1938","Frankfurt am Main","1"
"1939"," Warsaw","2"
"1940"," Moscow","2"
"1941"," Kharkiv","1"
"1942"," Odessa","1"
"1943","Kyiv","1"
"1944"," Vienna","2"
"1945"," Bratislava","1"
"1946","Prague","2"
"1947"," Vancouver","1"
"1948"," Minneapolis","1"
"1949"," Salt Lake City","1"
"1950","Seattle","1"
"1951","Hong Kong","1"
"1952"," Luleå","1"
"1953"," Gothenburg","2"
"1954"," Sundsvall","1"
"1955"," Copenhagen","2"
"1956","Stockholm","2"
"1957"," Sydney","1"
"1958"," Singapore","1"
"1959"," Hong Kong","1"
"1960"," Tokyo","1"
"1961"," Silicon Valley (San Jose","1"
"1962"," CA)","2"
"1963"," Silicon Valley (Palo Alto","1"
"1964"," Los Angeles","1"
"1965"," Chicago","2"
"1966","VA)","1"
"1967"," DC (Vienna","1"
"1968"," VA)","1"
"1969"," DC (Ashburn","1"
"1970"," Washington","3"
"1971"," NJ and New York City)","1"
"1972"," New York (Secaucus","1"
"1973"," Zürich","1"
"1974","Paris","3"
"1975","Various cities[26]","1"
"1976"," Vladivostok","1"
"1977"," Ekaterinburg","1"
"1978"," Kazan","1"
"1979"," Samara","1"
"1980"," Stavropol","1"
"1981"," Rostov-on-Don","1"
"1982"," Novosibirsk","1"
"1983"," Saint-Petersburg","1"
"1984","Moscow","1"
"1985"," Northern Virginia[19]","1"
"1986"," Cardiff","1"
"1987"," Edinburgh","1"
"1988"," Manchester","1"
"1989","London","2"
"1990"," Mumbai[14]","1"
"1991"," San Francisco Bay Area[13]","1"
"1992"," Chicago[12]","1"
"1993"," New York City[11]","1"
"1994"," Hong Kong[10]","1"
"1995"," Willemstad[9]","1"
"1996"," Schiphol-Rijk[8]","1"
"1997"," Haarlem[8]","1"
"1998","Amsterdam[8]","1"
"1999"," Vitória","1"
"2000"," Teresina","1"
"2001"," São Paulo","2"
"2002"," São Luis","1"
"2003"," São José do Rio Preto","1"
"2004"," São José dos Campos","1"
"2005"," São Carlos","1"
"2006"," Santa Maria","1"
"2007"," Salvador","1"
"2008"," Rio de Janeiro","2"
"2009"," Recife","1"
"2010"," Porto Alegre","1"
"2011"," Natal","1"
"2012"," Maringá","1"
"2013"," Manaus","1"
"2014"," Maceio","1"
"2015"," Londrina","1"
"2016"," Lajeado","1"
"2017"," João Pessoa","1"
"2018"," Goiânia","1"
"2019"," Foz do Iguacu","1"
"2020"," Fortaleza","1"
"2021"," Florianópolis","1"
"2022"," Curitiba","1"
"2023"," Cuiabá","1"
"2024"," Caxias do Sul","1"
"2025"," Campinas","1"
"2026"," Campina Grande","1"
"2027"," Brasília","1"
"2028"," Belo Horizonte","1"
"2029"," Belém","1"
"2030","Aracaju","1"
"2031"," Mumbai (as Mumbai IX)","1"
"2032"," Madrid","2"
"2033"," Dallas","3"
"2034"," Istanbul","2"
"2035"," Marseille","3"
"2036"," Palermo","1"
"2037"," Dubai (as UAE-IX)","1"
"2038"," New York City","3"
"2039"," Düsseldorf","2"
"2040"," Munich","2"
"2041"," Hamburg","2"
"2042","Frankfurt","2"
"2043",NA,"0"
"2044"," France","1"
"2045"," Lyon","1"
"2046","LyonIX","1"
"2047","Bratislava","1"
"2048","Saint-Petersburg","1"
"2049","Munich","1"
"2050","Sydney","1"
"2051"," Porto","1"
"2052","Lisbon","1"
"2053"," Craiova","1"
"2054"," Timisoara","1"
"2055"," Constanta","1"
"2056","Bucharest","1"
"2057","Detroit","1"
"2058","Lyngby","1"
"2059","Montreal","1"
"2060","Luxembourg","1"
"2061","Ljubljana","1"
"2062"," Oulu","1"
"2063"," Helsinki","1"
"2064","Espoo","1"
"2065","Singapore","1"
"2066","Oslo","1"
"2067","Navi Mumbai","1"
"2068","Dubai","1"
"2069","Bratislava and Košice","1"
"2070"," Guwahati","1"
"2071"," Ahmedabad","1"
"2072"," Hyderabad","1"
"2073"," Bangalore","1"
"2074"," Kolkata","1"
"2075"," Chennai","1"
"2076"," Delhi","1"
"2077","Mumbai","1"
"2078","Zürich","1"
"2079","Dublin","1"
"2080","Brussels","1"
"2081","Vienna","1"
"2082","Seoul","1"
"2083","Berlin","1"
"2084"," Phoenix","1"
"2085","Atlanta","1"
"2086","Milan","1"
"2087","New York City","1"
"2088"," Thessaloniki","1"
"2089"," Athens","1"
"2090"," Kiev","1"
"2091"," Bucharest","1"
"2092"," Sofia","1"
"2093"," Belgrade","1"
"2094"," Zagreb","1"
"2095"," Prague","1"
"2096"," Stockholm","1"
"2097"," Milan","1"
"2098"," London","1"
"2099"," Paris","1"
"2100"," Amsterdam","1"
"2101","Kiev","1"
"2102","Toronto","1"
"2103","  Denver","1"
"2104"," Northern Virginia (Reston)","1"
"2105"," Boston","1"
"2106"," D.C.","1"
"2107"," Miami","2"
"2108"," San Jose","1"
"2109","Los Angeles","1"
"2110","Tokyo and Osaka","1"
"2111"," Berlin","1"
"2112","Frankfurt am Main","1"
"2113"," Warsaw","2"
"2114"," Moscow","2"
"2115"," Kharkiv","1"
"2116"," Odessa","1"
"2117","Kyiv","1"
"2118"," Vienna","2"
"2119"," Bratislava","1"
"2120","Prague","2"
"2121"," Vancouver","1"
"2122"," Minneapolis","1"
"2123"," Salt Lake City","1"
"2124","Seattle","1"
"2125","Hong Kong","1"
"2126"," Luleå","1"
"2127"," Gothenburg","2"
"2128"," Sundsvall","1"
"2129"," Copenhagen","2"
"2130","Stockholm","2"
"2131"," Sydney","1"
"2132"," Singapore","1"
"2133"," Hong Kong","1"
"2134"," Tokyo","1"
"2135"," Silicon Valley (San Jose","1"
"2136"," CA)","2"
"2137"," Silicon Valley (Palo Alto","1"
"2138"," Los Angeles","1"
"2139"," Chicago","2"
"2140","VA)","1"
"2141"," DC (Vienna","1"
"2142"," VA)","1"
"2143"," DC (Ashburn","1"
"2144"," Washington","3"
"2145"," NJ and New York City)","1"
"2146"," New York (Secaucus","1"
"2147"," Zürich","1"
"2148","Paris","3"
"2149","Various cities[26]","1"
"2150"," Vladivostok","1"
"2151"," Ekaterinburg","1"
"2152"," Kazan","1"
"2153"," Samara","1"
"2154"," Stavropol","1"
"2155"," Rostov-on-Don","1"
"2156"," Novosibirsk","1"
"2157"," Saint-Petersburg","1"
"2158","Moscow","1"
"2159"," Northern Virginia[19]","1"
"2160"," Cardiff","1"
"2161"," Edinburgh","1"
"2162"," Manchester","1"
"2163","London","2"
"2164"," Mumbai[14]","1"
"2165"," San Francisco Bay Area[13]","1"
"2166"," Chicago[12]","1"
"2167"," New York City[11]","1"
"2168"," Hong Kong[10]","1"
"2169"," Willemstad[9]","1"
"2170"," Schiphol-Rijk[8]","1"
"2171"," Haarlem[8]","1"
"2172","Amsterdam[8]","1"
"2173"," Vitória","1"
"2174"," Teresina","1"
"2175"," São Paulo","2"
"2176"," São Luis","1"
"2177"," São José do Rio Preto","1"
"2178"," São José dos Campos","1"
"2179"," São Carlos","1"
"2180"," Santa Maria","1"
"2181"," Salvador","1"
"2182"," Rio de Janeiro","2"
"2183"," Recife","1"
"2184"," Porto Alegre","1"
"2185"," Natal","1"
"2186"," Maringá","1"
"2187"," Manaus","1"
"2188"," Maceio","1"
"2189"," Londrina","1"
"2190"," Lajeado","1"
"2191"," João Pessoa","1"
"2192"," Goiânia","1"
"2193"," Foz do Iguacu","1"
"2194"," Fortaleza","1"
"2195"," Florianópolis","1"
"2196"," Curitiba","1"
"2197"," Cuiabá","1"
"2198"," Caxias do Sul","1"
"2199"," Campinas","1"
"2200"," Campina Grande","1"
"2201"," Brasília","1"
"2202"," Belo Horizonte","1"
"2203"," Belém","1"
"2204","Aracaju","1"
"2205"," Mumbai (as Mumbai IX)","1"
"2206"," Madrid","2"
"2207"," Dallas","3"
"2208"," Istanbul","2"
"2209"," Marseille","3"
"2210"," Palermo","1"
"2211"," Dubai (as UAE-IX)","1"
"2212"," New York City","3"
"2213"," Düsseldorf","2"
"2214"," Munich","2"
"2215"," Hamburg","2"
"2216","Frankfurt","2"
"2217",NA,"0"
"2218"," France","1"
"2219"," Lyon","1"
"2220","LyonIX","1"
"2221","Bratislava","1"
"2222","Saint-Petersburg","1"
"2223","Munich","1"
"2224","Sydney","1"
"2225"," Porto","1"
"2226","Lisbon","1"
"2227"," Craiova","1"
"2228"," Timisoara","1"
"2229"," Constanta","1"
"2230","Bucharest","1"
"2231","Detroit","1"
"2232","Lyngby","1"
"2233","Montreal","1"
"2234","Luxembourg","1"
"2235","Ljubljana","1"
"2236"," Oulu","1"
"2237"," Helsinki","1"
"2238","Espoo","1"
"2239","Singapore","1"
"2240","Oslo","1"
"2241","Navi Mumbai","1"
"2242","Dubai","1"
"2243","Bratislava and Košice","1"
"2244"," Guwahati","1"
"2245"," Ahmedabad","1"
"2246"," Hyderabad","1"
"2247"," Bangalore","1"
"2248"," Kolkata","1"
"2249"," Chennai","1"
"2250"," Delhi","1"
"2251","Mumbai","1"
"2252","Zürich","1"
"2253","Dublin","1"
"2254","Brussels","1"
"2255","Vienna","1"
"2256","Seoul","1"
"2257","Berlin","1"
"2258"," Phoenix","1"
"2259","Atlanta","1"
"2260","Milan","1"
"2261","New York City","1"
"2262"," Thessaloniki","1"
"2263"," Athens","1"
"2264"," Kiev","1"
"2265"," Bucharest","1"
"2266"," Sofia","1"
"2267"," Belgrade","1"
"2268"," Zagreb","1"
"2269"," Prague","1"
"2270"," Stockholm","1"
"2271"," Milan","1"
"2272"," London","1"
"2273"," Paris","1"
"2274"," Amsterdam","1"
"2275","Kiev","1"
"2276","Toronto","1"
"2277","  Denver","1"
"2278"," Northern Virginia (Reston)","1"
"2279"," Boston","1"
"2280"," D.C.","1"
"2281"," Miami","2"
"2282"," San Jose","1"
"2283","Los Angeles","1"
"2284","Tokyo and Osaka","1"
"2285"," Berlin","1"
"2286","Frankfurt am Main","1"
"2287"," Warsaw","2"
"2288"," Moscow","2"
"2289"," Kharkiv","1"
"2290"," Odessa","1"
"2291","Kyiv","1"
"2292"," Vienna","2"
"2293"," Bratislava","1"
"2294","Prague","2"
"2295"," Vancouver","1"
"2296"," Minneapolis","1"
"2297"," Salt Lake City","1"
"2298","Seattle","1"
"2299","Hong Kong","1"
"2300"," Luleå","1"
"2301"," Gothenburg","2"
"2302"," Sundsvall","1"
"2303"," Copenhagen","2"
"2304","Stockholm","2"
"2305"," Sydney","1"
"2306"," Singapore","1"
"2307"," Hong Kong","1"
"2308"," Tokyo","1"
"2309"," Silicon Valley (San Jose","1"
"2310"," CA)","2"
"2311"," Silicon Valley (Palo Alto","1"
"2312"," Los Angeles","1"
"2313"," Chicago","2"
"2314","VA)","1"
"2315"," DC (Vienna","1"
"2316"," VA)","1"
"2317"," DC (Ashburn","1"
"2318"," Washington","3"
"2319"," NJ and New York City)","1"
"2320"," New York (Secaucus","1"
"2321"," Zürich","1"
"2322","Paris","3"
"2323","Various cities[26]","1"
"2324"," Vladivostok","1"
"2325"," Ekaterinburg","1"
"2326"," Kazan","1"
"2327"," Samara","1"
"2328"," Stavropol","1"
"2329"," Rostov-on-Don","1"
"2330"," Novosibirsk","1"
"2331"," Saint-Petersburg","1"
"2332","Moscow","1"
"2333"," Northern Virginia[19]","1"
"2334"," Cardiff","1"
"2335"," Edinburgh","1"
"2336"," Manchester","1"
"2337","London","2"
"2338"," Mumbai[14]","1"
"2339"," San Francisco Bay Area[13]","1"
"2340"," Chicago[12]","1"
"2341"," New York City[11]","1"
"2342"," Hong Kong[10]","1"
"2343"," Willemstad[9]","1"
"2344"," Schiphol-Rijk[8]","1"
"2345"," Haarlem[8]","1"
"2346","Amsterdam[8]","1"
"2347"," Vitória","1"
"2348"," Teresina","1"
"2349"," São Paulo","2"
"2350"," São Luis","1"
"2351"," São José do Rio Preto","1"
"2352"," São José dos Campos","1"
"2353"," São Carlos","1"
"2354"," Santa Maria","1"
"2355"," Salvador","1"
"2356"," Rio de Janeiro","2"
"2357"," Recife","1"
"2358"," Porto Alegre","1"
"2359"," Natal","1"
"2360"," Maringá","1"
"2361"," Manaus","1"
"2362"," Maceio","1"
"2363"," Londrina","1"
"2364"," Lajeado","1"
"2365"," João Pessoa","1"
"2366"," Goiânia","1"
"2367"," Foz do Iguacu","1"
"2368"," Fortaleza","1"
"2369"," Florianópolis","1"
"2370"," Curitiba","1"
"2371"," Cuiabá","1"
"2372"," Caxias do Sul","1"
"2373"," Campinas","1"
"2374"," Campina Grande","1"
"2375"," Brasília","1"
"2376"," Belo Horizonte","1"
"2377"," Belém","1"
"2378","Aracaju","1"
"2379"," Mumbai (as Mumbai IX)","1"
"2380"," Madrid","2"
"2381"," Dallas","3"
"2382"," Istanbul","2"
"2383"," Marseille","3"
"2384"," Palermo","1"
"2385"," Dubai (as UAE-IX)","1"
"2386"," New York City","3"
"2387"," Düsseldorf","2"
"2388"," Munich","2"
"2389"," Hamburg","2"
"2390","Frankfurt","2"
"2391",NA,"0"
"2392"," France","1"
"2393"," Lyon","1"
"2394","LyonIX","1"
"2395","Bratislava","1"
"2396","Saint-Petersburg","1"
"2397","Munich","1"
"2398","Sydney","1"
"2399"," Porto","1"
"2400","Lisbon","1"
"2401"," Craiova","1"
"2402"," Timisoara","1"
"2403"," Constanta","1"
"2404","Bucharest","1"
"2405","Detroit","1"
"2406","Lyngby","1"
"2407","Montreal","1"
"2408","Luxembourg","1"
"2409","Ljubljana","1"
"2410"," Oulu","1"
"2411"," Helsinki","1"
"2412","Espoo","1"
"2413","Singapore","1"
"2414","Oslo","1"
"2415","Navi Mumbai","1"
"2416","Dubai","1"
"2417","Bratislava and Košice","1"
"2418"," Guwahati","1"
"2419"," Ahmedabad","1"
"2420"," Hyderabad","1"
"2421"," Bangalore","1"
"2422"," Kolkata","1"
"2423"," Chennai","1"
"2424"," Delhi","1"
"2425","Mumbai","1"
"2426","Zürich","1"
"2427","Dublin","1"
"2428","Brussels","1"
"2429","Vienna","1"
"2430","Seoul","1"
"2431","Berlin","1"
"2432"," Phoenix","1"
"2433","Atlanta","1"
"2434","Milan","1"
"2435","New York City","1"
"2436"," Thessaloniki","1"
"2437"," Athens","1"
"2438"," Kiev","1"
"2439"," Bucharest","1"
"2440"," Sofia","1"
"2441"," Belgrade","1"
"2442"," Zagreb","1"
"2443"," Prague","1"
"2444"," Stockholm","1"
"2445"," Milan","1"
"2446"," London","1"
"2447"," Paris","1"
"2448"," Amsterdam","1"
"2449","Kiev","1"
"2450","Toronto","1"
"2451","  Denver","1"
"2452"," Northern Virginia (Reston)","1"
"2453"," Boston","1"
"2454"," D.C.","1"
"2455"," Miami","2"
"2456"," San Jose","1"
"2457","Los Angeles","1"
"2458","Tokyo and Osaka","1"
"2459"," Berlin","1"
"2460","Frankfurt am Main","1"
"2461"," Warsaw","2"
"2462"," Moscow","2"
"2463"," Kharkiv","1"
"2464"," Odessa","1"
"2465","Kyiv","1"
"2466"," Vienna","2"
"2467"," Bratislava","1"
"2468","Prague","2"
"2469"," Vancouver","1"
"2470"," Minneapolis","1"
"2471"," Salt Lake City","1"
"2472","Seattle","1"
"2473","Hong Kong","1"
"2474"," Luleå","1"
"2475"," Gothenburg","2"
"2476"," Sundsvall","1"
"2477"," Copenhagen","2"
"2478","Stockholm","2"
"2479"," Sydney","1"
"2480"," Singapore","1"
"2481"," Hong Kong","1"
"2482"," Tokyo","1"
"2483"," Silicon Valley (San Jose","1"
"2484"," CA)","2"
"2485"," Silicon Valley (Palo Alto","1"
"2486"," Los Angeles","1"
"2487"," Chicago","2"
"2488","VA)","1"
"2489"," DC (Vienna","1"
"2490"," VA)","1"
"2491"," DC (Ashburn","1"
"2492"," Washington","3"
"2493"," NJ and New York City)","1"
"2494"," New York (Secaucus","1"
"2495"," Zürich","1"
"2496","Paris","3"
"2497","Various cities[26]","1"
"2498"," Vladivostok","1"
"2499"," Ekaterinburg","1"
"2500"," Kazan","1"
"2501"," Samara","1"
"2502"," Stavropol","1"
"2503"," Rostov-on-Don","1"
"2504"," Novosibirsk","1"
"2505"," Saint-Petersburg","1"
"2506","Moscow","1"
"2507"," Northern Virginia[19]","1"
"2508"," Cardiff","1"
"2509"," Edinburgh","1"
"2510"," Manchester","1"
"2511","London","2"
"2512"," Mumbai[14]","1"
"2513"," San Francisco Bay Area[13]","1"
"2514"," Chicago[12]","1"
"2515"," New York City[11]","1"
"2516"," Hong Kong[10]","1"
"2517"," Willemstad[9]","1"
"2518"," Schiphol-Rijk[8]","1"
"2519"," Haarlem[8]","1"
"2520","Amsterdam[8]","1"
"2521"," Vitória","1"
"2522"," Teresina","1"
"2523"," São Paulo","2"
"2524"," São Luis","1"
"2525"," São José do Rio Preto","1"
"2526"," São José dos Campos","1"
"2527"," São Carlos","1"
"2528"," Santa Maria","1"
"2529"," Salvador","1"
"2530"," Rio de Janeiro","2"
"2531"," Recife","1"
"2532"," Porto Alegre","1"
"2533"," Natal","1"
"2534"," Maringá","1"
"2535"," Manaus","1"
"2536"," Maceio","1"
"2537"," Londrina","1"
"2538"," Lajeado","1"
"2539"," João Pessoa","1"
"2540"," Goiânia","1"
"2541"," Foz do Iguacu","1"
"2542"," Fortaleza","1"
"2543"," Florianópolis","1"
"2544"," Curitiba","1"
"2545"," Cuiabá","1"
"2546"," Caxias do Sul","1"
"2547"," Campinas","1"
"2548"," Campina Grande","1"
"2549"," Brasília","1"
"2550"," Belo Horizonte","1"
"2551"," Belém","1"
"2552","Aracaju","1"
"2553"," Mumbai (as Mumbai IX)","1"
"2554"," Madrid","2"
"2555"," Dallas","3"
"2556"," Istanbul","2"
"2557"," Marseille","3"
"2558"," Palermo","1"
"2559"," Dubai (as UAE-IX)","1"
"2560"," New York City","3"
"2561"," Düsseldorf","2"
"2562"," Munich","2"
"2563"," Hamburg","2"
"2564","Frankfurt","2"
"2565",NA,"0"
"2566"," France","1"
"2567"," Lyon","1"
"2568","LyonIX","1"
"2569","Bratislava","1"
"2570","Saint-Petersburg","1"
"2571","Munich","1"
"2572","Sydney","1"
"2573"," Porto","1"
"2574","Lisbon","1"
"2575"," Craiova","1"
"2576"," Timisoara","1"
"2577"," Constanta","1"
"2578","Bucharest","1"
"2579","Detroit","1"
"2580","Lyngby","1"
"2581","Montreal","1"
"2582","Luxembourg","1"
"2583","Ljubljana","1"
"2584"," Oulu","1"
"2585"," Helsinki","1"
"2586","Espoo","1"
"2587","Singapore","1"
"2588","Oslo","1"
"2589","Navi Mumbai","1"
"2590","Dubai","1"
"2591","Bratislava and Košice","1"
"2592"," Guwahati","1"
"2593"," Ahmedabad","1"
"2594"," Hyderabad","1"
"2595"," Bangalore","1"
"2596"," Kolkata","1"
"2597"," Chennai","1"
"2598"," Delhi","1"
"2599","Mumbai","1"
"2600","Zürich","1"
"2601","Dublin","1"
"2602","Brussels","1"
"2603","Vienna","1"
"2604","Seoul","1"
"2605","Berlin","1"
"2606"," Phoenix","1"
"2607","Atlanta","1"
"2608","Milan","1"
"2609","New York City","1"
"2610"," Thessaloniki","1"
"2611"," Athens","1"
"2612"," Kiev","1"
"2613"," Bucharest","1"
"2614"," Sofia","1"
"2615"," Belgrade","1"
"2616"," Zagreb","1"
"2617"," Prague","1"
"2618"," Stockholm","1"
"2619"," Milan","1"
"2620"," London","1"
"2621"," Paris","1"
"2622"," Amsterdam","1"
"2623","Kiev","1"
"2624","Toronto","1"
"2625","  Denver","1"
"2626"," Northern Virginia (Reston)","1"
"2627"," Boston","1"
"2628"," D.C.","1"
"2629"," Miami","2"
"2630"," San Jose","1"
"2631","Los Angeles","1"
"2632","Tokyo and Osaka","1"
"2633"," Berlin","1"
"2634","Frankfurt am Main","1"
"2635"," Warsaw","2"
"2636"," Moscow","2"
"2637"," Kharkiv","1"
"2638"," Odessa","1"
"2639","Kyiv","1"
"2640"," Vienna","2"
"2641"," Bratislava","1"
"2642","Prague","2"
"2643"," Vancouver","1"
"2644"," Minneapolis","1"
"2645"," Salt Lake City","1"
"2646","Seattle","1"
"2647","Hong Kong","1"
"2648"," Luleå","1"
"2649"," Gothenburg","2"
"2650"," Sundsvall","1"
"2651"," Copenhagen","2"
"2652","Stockholm","2"
"2653"," Sydney","1"
"2654"," Singapore","1"
"2655"," Hong Kong","1"
"2656"," Tokyo","1"
"2657"," Silicon Valley (San Jose","1"
"2658"," CA)","2"
"2659"," Silicon Valley (Palo Alto","1"
"2660"," Los Angeles","1"
"2661"," Chicago","2"
"2662","VA)","1"
"2663"," DC (Vienna","1"
"2664"," VA)","1"
"2665"," DC (Ashburn","1"
"2666"," Washington","3"
"2667"," NJ and New York City)","1"
"2668"," New York (Secaucus","1"
"2669"," Zürich","1"
"2670","Paris","3"
"2671","Various cities[26]","1"
"2672"," Vladivostok","1"
"2673"," Ekaterinburg","1"
"2674"," Kazan","1"
"2675"," Samara","1"
"2676"," Stavropol","1"
"2677"," Rostov-on-Don","1"
"2678"," Novosibirsk","1"
"2679"," Saint-Petersburg","1"
"2680","Moscow","1"
"2681"," Northern Virginia[19]","1"
"2682"," Cardiff","1"
"2683"," Edinburgh","1"
"2684"," Manchester","1"
"2685","London","2"
"2686"," Mumbai[14]","1"
"2687"," San Francisco Bay Area[13]","1"
"2688"," Chicago[12]","1"
"2689"," New York City[11]","1"
"2690"," Hong Kong[10]","1"
"2691"," Willemstad[9]","1"
"2692"," Schiphol-Rijk[8]","1"
"2693"," Haarlem[8]","1"
"2694","Amsterdam[8]","1"
"2695"," Vitória","1"
"2696"," Teresina","1"
"2697"," São Paulo","2"
"2698"," São Luis","1"
"2699"," São José do Rio Preto","1"
"2700"," São José dos Campos","1"
"2701"," São Carlos","1"
"2702"," Santa Maria","1"
"2703"," Salvador","1"
"2704"," Rio de Janeiro","2"
"2705"," Recife","1"
"2706"," Porto Alegre","1"
"2707"," Natal","1"
"2708"," Maringá","1"
"2709"," Manaus","1"
"2710"," Maceio","1"
"2711"," Londrina","1"
"2712"," Lajeado","1"
"2713"," João Pessoa","1"
"2714"," Goiânia","1"
"2715"," Foz do Iguacu","1"
"2716"," Fortaleza","1"
"2717"," Florianópolis","1"
"2718"," Curitiba","1"
"2719"," Cuiabá","1"
"2720"," Caxias do Sul","1"
"2721"," Campinas","1"
"2722"," Campina Grande","1"
"2723"," Brasília","1"
"2724"," Belo Horizonte","1"
"2725"," Belém","1"
"2726","Aracaju","1"
"2727"," Mumbai (as Mumbai IX)","1"
"2728"," Madrid","2"
"2729"," Dallas","3"
"2730"," Istanbul","2"
"2731"," Marseille","3"
"2732"," Palermo","1"
"2733"," Dubai (as UAE-IX)","1"
"2734"," New York City","3"
"2735"," Düsseldorf","2"
"2736"," Munich","2"
"2737"," Hamburg","2"
"2738","Frankfurt","2"
